id,partner_link,skin,name,lv,grade,hp,atk,hpP,atkP,armP,spdP,energy_ex,hit,miss,crit,unCrit,critTime,unfree,free,allDmgRate,allHarmDec,sklP,decDmg,brk,trueAtk,is_boss,lv_show,scale,is_player_use,skill,equip_6,exskill,is_real_boss
2022102045,754014,,-1,330,10,130000000,370000,,,1,1,,800,800,800,800,0,200,500,0,0,0,0,0,0,,330,,,,,,
2022102046,756006,,-1,330,10,130000000,370000,,,1,1,,800,800,800,800,0,200,500,0,0,0,0,0,0,,330,,,,,,
2022102051,754013,,-1,330,10,150000000,380000,,,1,1,,800,800,800,800,0,200,500,0,0,0,0,0,0,,330,,,,,,
2022102052,751019,,-1,330,10,150000000,380000,,,1,1,,800,800,800,800,0,200,500,0,0,0,0,0,0,,330,,,,,,
2022102053,754016,,-1,330,10,150000000,380000,,,1,1,,800,800,800,800,0,200,500,0,0,0,0,0,0,,330,,,,,,
2022102054,753013,,-1,330,10,150000000,380000,,,1,1,,800,800,800,800,0,200,500,0,0,0,0,0,0,,330,,,,,,
2022102055,752013,,-1,330,10,150000000,380000,,,1,1,,800,800,800,800,0,200,500,0,0,0,0,0,0,,330,,,,,,
2022102056,752012,,-1,330,10,150000000,380000,,,1,1,,800,800,800,800,0,200,500,0,0,0,0,0,0,,330,,,,,,
2022102061,754014,,-1,330,10,320000000,725000,,,1,1,,800,800,800,800,0,200,500,0,0,0,0,0,0,,330,,,,,,
2022102062,755006,,-1,330,10,320000000,725000,,,1,1,,800,800,800,800,0,200,500,0,0,0,0,0,0,,330,,,,,,
2022102063,755004,,-1,330,10,320000000,725000,,,1,1,,800,800,800,800,0,200,500,0,0,0,0,0,0,,330,,,,,,
2022102064,752014,,-1,330,10,320000000,725000,,,1,1,,800,800,800,800,0,200,500,0,0,0,0,0,0,,330,,,,,,
2022102065,752016,,-1,330,10,320000000,725000,,,1,1,,800,800,800,800,0,200,500,0,0,0,0,0,0,,330,,,,,,
2022102066,755003,,-1,330,10,320000000,725000,,,1,1,,800,800,800,800,0,200,500,0,0,0,0,0,0,,330,,,,,,
2022102071,755011,,-1,330,10,340000000,730000,,,1,1,,800,800,800,800,0,200,500,0,0,0,0,0,0,,330,,,,,,
2022102072,753011,,-1,330,10,340000000,730000,,,1,1,,800,800,800,800,0,200,500,0,0,0,0,0,0,,330,,,,,,
2022102073,753015,,-1,330,10,340000000,730000,,,1,1,,800,800,800,800,0,200,500,0,0,0,0,0,0,,330,,,,,,
2022102074,756003,,-1,330,10,340000000,730000,,,1,1,,800,800,800,800,0,200,500,0,0,0,0,0,0,,330,,,,,,
2022102075,755004,,-1,330,10,340000000,730000,,,1,1,,800,800,800,800,0,200,500,0,0,0,0,0,0,,330,,,,,,
2022102076,754014,,-1,330,10,340000000,730000,,,1,1,,800,800,800,800,0,200,500,0,0,0,0,0,0,,330,,,,,,
2022102081,753012,,-1,330,10,360000000,735000,,,1,1,,800,800,800,800,0,200,500,0,0,0,0,0,0,,330,,,,,,
2022102082,754014,,-1,330,10,360000000,735000,,,1,1,,800,800,800,800,0,200,500,0,0,0,0,0,0,,330,,,,,,
2022102083,752011,,-1,330,10,360000000,735000,,,1,1,,800,800,800,800,0,200,500,0,0,0,0,0,0,,330,,,,,,
2022102084,754014,,-1,330,10,360000000,735000,,,1,1,,800,800,800,800,0,200,500,0,0,0,0,0,0,,330,,,,,,
2022102085,753018,,-1,330,10,360000000,735000,,,1,1,,800,800,800,800,0,200,500,0,0,0,0,0,0,,330,,,,,,
2022102086,753014,,-1,330,10,360000000,735000,,,1,1,,800,800,800,800,0,200,500,0,0,0,0,0,0,,330,,,,,,
2022102091,754014,,-1,330,10,380000000,740000,,,1,1,,800,800,800,800,0,200,500,0,0,0,0,0,0,,330,,,,,,
2022102092,751019,,-1,330,10,380000000,740000,,,1,1,,800,800,800,800,0,200,500,0,0,0,0,0,0,,330,,,,,,
2022102093,751013,,-1,330,10,380000000,740000,,,1,1,,800,800,800,800,0,200,500,0,0,0,0,0,0,,330,,,,,,
2022102094,754014,,-1,330,10,380000000,740000,,,1,1,,800,800,800,800,0,200,500,0,0,0,0,0,0,,330,,,,,,
2022102095,753013,,-1,330,10,380000000,740000,,,1,1,,800,800,800,800,0,200,500,0,0,0,0,0,0,,330,,,,,,
2022102096,756004,,-1,330,10,380000000,740000,,,1,1,,800,800,800,800,0,200,500,0,0,0,0,0,0,,330,,,,,,
2022102111,754014,,-1,330,10,300000000,750000,,,1,1,,800,800,800,800,0,200,500,0,0,0,0,0,0,,330,,,,,,
2022102112,751019,,-1,330,10,300000000,750000,,,1,1,,800,800,800,800,0,200,500,0,0,0,0,0,0,,330,,,,,,
2022102113,756006,,-1,330,10,300000000,750000,,,1,1,,800,800,800,800,0,200,500,0,0,0,0,0,0,,330,,,,,,
2022102114,753014,,-1,330,10,300000000,750000,,,1,1,,800,800,800,800,0,200,500,0,0,0,0,0,0,,330,,,,,,
2022102115,752013,,-1,330,10,300000000,750000,,,1,1,,800,800,800,800,0,200,500,0,0,0,0,0,0,,330,,,,,,
2022102116,753018,,-1,330,10,300000000,750000,,,1,1,,800,800,800,800,0,200,500,0,0,0,0,0,0,,330,,,,,,
2022102121,753011,,-1,330,10,330000000,755000,,,1,1,,800,800,800,800,0,200,500,0,0,0,0,0,0,,330,,,,,,
2022102122,754013,,-1,330,10,330000000,755000,,,1,1,,800,800,800,800,0,200,500,0,0,0,0,0,0,,330,,,,,,
2022102123,751011,,-1,330,10,330000000,755000,,,1,1,,800,800,800,800,0,200,500,0,0,0,0,0,0,,330,,,,,,
2022102124,751013,,-1,330,10,330000000,755000,,,1,1,,800,800,800,800,0,200,500,0,0,0,0,0,0,,330,,,,,,
2022102125,756005,,-1,330,10,330000000,755000,,,1,1,,800,800,800,800,0,200,500,0,0,0,0,0,0,,330,,,,,,
2022102126,752016,,-1,330,10,330000000,755000,,,1,1,,800,800,800,800,0,200,500,0,0,0,0,0,0,,330,,,,,,
2022102131,753011,,-1,330,10,360000000,760000,,,1,1,,800,800,800,800,0,200,500,0,0,0,0,0,0,,330,,,,,,
2022102132,752019,,-1,330,10,360000000,760000,,,1,1,,800,800,800,800,0,200,500,0,0,0,0,0,0,,330,,,,,,
2022102133,751013,,-1,330,10,360000000,760000,,,1,1,,800,800,800,800,0,200,500,0,0,0,0,0,0,,330,,,,,,
2022102134,752013,,-1,330,10,360000000,760000,,,1,1,,800,800,800,800,0,200,500,0,0,0,0,0,0,,330,,,,,,
2022102135,754018,,-1,330,10,360000000,760000,,,1,1,,800,800,800,800,0,200,500,0,0,0,0,0,0,,330,,,,,,
2022102136,752012,,-1,330,10,360000000,760000,,,1,1,,800,800,800,800,0,200,500,0,0,0,0,0,0,,330,,,,,,
2022102141,752015,,-1,330,10,390000000,765000,,,1,1,,800,800,800,800,0,200,500,0,0,0,0,0,0,,330,,,,,,
2022102142,751013,,-1,330,10,390000000,765000,,,1,1,,800,800,800,800,0,200,500,0,0,0,0,0,0,,330,,,,,,
2022102143,755004,,-1,330,10,390000000,765000,,,1,1,,800,800,800,800,0,200,500,0,0,0,0,0,0,,330,,,,,,
2022102144,752019,,-1,330,10,390000000,765000,,,1,1,,800,800,800,800,0,200,500,0,0,0,0,0,0,,330,,,,,,
2022102145,751014,,-1,330,10,390000000,765000,,,1,1,,800,800,800,800,0,200,500,0,0,0,0,0,0,,330,,,,,,
2022102146,752012,,-1,330,10,390000000,765000,,,1,1,,800,800,800,800,0,200,500,0,0,0,0,0,0,,330,,,,,,
2022102151,753019,,-1,330,10,450000000,770000,,,1,1,,800,800,800,800,0,200,500,0,0,0,0,0,0,,330,,,,,,
2022102152,755011,,-1,330,10,450000000,770000,,,1,1,,800,800,800,800,0,200,500,0,0,0,0,0,0,,330,,,,,,
2022102153,754016,,-1,330,10,450000000,770000,,,1,1,,800,800,800,800,0,200,500,0,0,0,0,0,0,,330,,,,,,
2022102154,753014,,-1,330,10,450000000,770000,,,1,1,,800,800,800,800,0,200,500,0,0,0,0,0,0,,330,,,,,,
2022102155,752019,,-1,330,10,450000000,770000,,,1,1,,800,800,800,800,0,200,500,0,0,0,0,0,0,,330,,,,,,
2022102156,756004,,-1,330,10,450000000,770000,,,1,1,,800,800,800,800,0,200,500,0,0,0,0,0,0,,330,,,,,,
2022102161,753012,,-1,330,10,480000000,775000,,,1,1,,800,800,800,800,0,200,500,0,0,0,0,0,0,,330,,,,,,
2022102162,752015,,-1,330,10,480000000,775000,,,1,1,,800,800,800,800,0,200,500,0,0,0,0,0,0,,330,,,,,,
2022102163,756006,,-1,330,10,480000000,775000,,,1,1,,800,800,800,800,0,200,500,0,0,0,0,0,0,,330,,,,,,
2022102164,756003,,-1,330,10,480000000,775000,,,1,1,,800,800,800,800,0,200,500,0,0,0,0,0,0,,330,,,,,,
2022102165,753014,,-1,330,10,480000000,775000,,,1,1,,800,800,800,800,0,200,500,0,0,0,0,0,0,,330,,,,,,
2022102166,755005,,-1,330,10,480000000,775000,,,1,1,,800,800,800,800,0,200,500,0,0,0,0,0,0,,330,,,,,,
2022102171,756007,,-1,330,10,510000000,780000,,,1,1,,800,800,800,800,0,200,500,0,0,0,0,0,0,,330,,,,,,
2022102172,753017,,-1,330,10,510000000,780000,,,1,1,,800,800,800,800,0,200,500,0,0,0,0,0,0,,330,,,,,,
2022102173,752019,,-1,330,10,510000000,780000,,,1,1,,800,800,800,800,0,200,500,0,0,0,0,0,0,,330,,,,,,
2022102174,753014,,-1,330,10,510000000,780000,,,1,1,,800,800,800,800,0,200,500,0,0,0,0,0,0,,330,,,,,,
2022102175,756005,,-1,330,10,510000000,780000,,,1,1,,800,800,800,800,0,200,500,0,0,0,0,0,0,,330,,,,,,
2022102176,756003,,-1,330,10,510000000,780000,,,1,1,,800,800,800,800,0,200,500,0,0,0,0,0,0,,330,,,,,,
2022102181,753012,,-1,330,10,540000000,785000,,,1,1,,800,800,800,800,0,200,500,0,0,0,0,0,0,,330,,,,,,
2022102182,752019,,-1,330,10,540000000,785000,,,1,1,,800,800,800,800,0,200,500,0,0,0,0,0,0,,330,,,,,,
2022102183,751011,,-1,330,10,540000000,785000,,,1,1,,800,800,800,800,0,200,500,0,0,0,0,0,0,,330,,,,,,
2022102184,754016,,-1,330,10,540000000,785000,,,1,1,,800,800,800,800,0,200,500,0,0,0,0,0,0,,330,,,,,,
2022102185,753014,,-1,330,10,540000000,785000,,,1,1,,800,800,800,800,0,200,500,0,0,0,0,0,0,,330,,,,,,
2022102186,754011,,-1,330,10,540000000,785000,,,1,1,,800,800,800,800,0,200,500,0,0,0,0,0,0,,330,,,,,,
2022102191,754013,,-1,330,10,570000000,790000,,,1,1,,800,800,800,800,0,200,500,0,0,0,0,0,0,,330,,,,,,
2022102192,752019,,-1,330,10,570000000,790000,,,1,1,,800,800,800,800,0,200,500,0,0,0,0,0,0,,330,,,,,,
2022102193,756005,,-1,330,10,570000000,790000,,,1,1,,800,800,800,800,0,200,500,0,0,0,0,0,0,,330,,,,,,
2022102194,753018,,-1,330,10,570000000,790000,,,1,1,,800,800,800,800,0,200,500,0,0,0,0,0,0,,330,,,,,,
2022102195,751011,,-1,330,10,570000000,790000,,,1,1,,800,800,800,800,0,200,500,0,0,0,0,0,0,,330,,,,,,
2022102196,751014,,-1,330,10,570000000,790000,,,1,1,,800,800,800,800,0,200,500,0,0,0,0,0,0,,330,,,,,,
2022102211,755006,,-1,330,10,450000000,800000,,,1,1,,800,800,800,800,0,200,500,0,0,0,0,0,0,,330,,,,,,
2022102212,751012,,-1,330,10,450000000,800000,,,1,1,,800,800,800,800,0,200,500,0,0,0,0,0,0,,330,,,,,,
2022102213,754016,,-1,330,10,450000000,800000,,,1,1,,800,800,800,800,0,200,500,0,0,0,0,0,0,,330,,,,,,
2022102214,756006,,-1,330,10,450000000,800000,,,1,1,,800,800,800,800,0,200,500,0,0,0,0,0,0,,330,,,,,,
2022102215,751011,,-1,330,10,450000000,800000,,,1,1,,800,800,800,800,0,200,500,0,0,0,0,0,0,,330,,,,,,
2022102216,755005,,-1,330,10,450000000,800000,,,1,1,,800,800,800,800,0,200,500,0,0,0,0,0,0,,330,,,,,,
2022102221,751012,,-1,330,10,495000000,805000,,,1,1,,800,800,800,800,0,200,500,0,0,0,0,0,0,,330,,,,,,
2022102222,752019,,-1,330,10,495000000,805000,,,1,1,,800,800,800,800,0,200,500,0,0,0,0,0,0,,330,,,,,,
2022102223,754018,,-1,330,10,495000000,805000,,,1,1,,800,800,800,800,0,200,500,0,0,0,0,0,0,,330,,,,,,
2022102224,753015,,-1,330,10,495000000,805000,,,1,1,,800,800,800,800,0,200,500,0,0,0,0,0,0,,330,,,,,,
2022102225,754016,,-1,330,10,495000000,805000,,,1,1,,800,800,800,800,0,200,500,0,0,0,0,0,0,,330,,,,,,
2022102226,751015,,-1,330,10,495000000,805000,,,1,1,,800,800,800,800,0,200,500,0,0,0,0,0,0,,330,,,,,,
2022102231,753011,,-1,330,10,540000000,810000,,,1,1,,800,800,800,800,0,200,500,0,0,0,0,0,0,,330,,,,,,
2022102232,751019,,-1,330,10,540000000,810000,,,1,1,,800,800,800,800,0,200,500,0,0,0,0,0,0,,330,,,,,,
2022102233,753015,,-1,330,10,540000000,810000,,,1,1,,800,800,800,800,0,200,500,0,0,0,0,0,0,,330,,,,,,
2022102234,753014,,-1,330,10,540000000,810000,,,1,1,,800,800,800,800,0,200,500,0,0,0,0,0,0,,330,,,,,,
2022102235,753018,,-1,330,10,540000000,810000,,,1,1,,800,800,800,800,0,200,500,0,0,0,0,0,0,,330,,,,,,
2022102236,753015,,-1,330,10,540000000,810000,,,1,1,,800,800,800,800,0,200,500,0,0,0,0,0,0,,330,,,,,,
2022102241,751013,,-1,330,10,585000000,815000,,,1,1,,800,800,800,800,0,200,500,0,0,0,0,0,0,,330,,,,,,
2022102242,756007,,-1,330,10,585000000,815000,,,1,1,,800,800,800,800,0,200,500,0,0,0,0,0,0,,330,,,,,,
2022102243,755005,,-1,330,10,585000000,815000,,,1,1,,800,800,800,800,0,200,500,0,0,0,0,0,0,,330,,,,,,
2022102244,754016,,-1,330,10,585000000,815000,,,1,1,,800,800,800,800,0,200,500,0,0,0,0,0,0,,330,,,,,,
2022102245,753015,,-1,330,10,585000000,815000,,,1,1,,800,800,800,800,0,200,500,0,0,0,0,0,0,,330,,,,,,
2022102246,751011,,-1,330,10,585000000,815000,,,1,1,,800,800,800,800,0,200,500,0,0,0,0,0,0,,330,,,,,,
2022102251,751019,,-1,330,10,675000000,820000,,,1,1,,800,800,800,800,0,200,500,0,0,0,0,0,0,,330,,,,,,
2022102252,753019,,-1,330,10,675000000,820000,,,1,1,,800,800,800,800,0,200,500,0,0,0,0,0,0,,330,,,,,,
2022102253,754016,,-1,330,10,675000000,820000,,,1,1,,800,800,800,800,0,200,500,0,0,0,0,0,0,,330,,,,,,
2022102254,756006,,-1,330,10,675000000,820000,,,1,1,,800,800,800,800,0,200,500,0,0,0,0,0,0,,330,,,,,,
2022102255,756006,,-1,330,10,675000000,820000,,,1,1,,800,800,800,800,0,200,500,0,0,0,0,0,0,,330,,,,,,
2022102256,752016,,-1,330,10,675000000,820000,,,1,1,,800,800,800,800,0,200,500,0,0,0,0,0,0,,330,,,,,,
2022102261,753011,,-1,330,10,720000000,825000,,,1,1,,800,800,800,800,0,200,500,0,0,0,0,0,0,,330,,,,,,
2022102262,752015,,-1,330,10,720000000,825000,,,1,1,,800,800,800,800,0,200,500,0,0,0,0,0,0,,330,,,,,,
2022102263,755005,,-1,330,10,720000000,825000,,,1,1,,800,800,800,800,0,200,500,0,0,0,0,0,0,,330,,,,,,
2022102264,751011,,-1,330,10,720000000,825000,,,1,1,,800,800,800,800,0,200,500,0,0,0,0,0,0,,330,,,,,,
2022102265,754018,,-1,330,10,720000000,825000,,,1,1,,800,800,800,800,0,200,500,0,0,0,0,0,0,,330,,,,,,
2022102266,753014,,-1,330,10,720000000,825000,,,1,1,,800,800,800,800,0,200,500,0,0,0,0,0,0,,330,,,,,,
2022102271,751012,,-1,330,10,765000000,830000,,,1,1,,800,800,800,800,0,200,500,0,0,0,0,0,0,,330,,,,,,
2022102272,751012,,-1,330,10,765000000,830000,,,1,1,,800,800,800,800,0,200,500,0,0,0,0,0,0,,330,,,,,,
2022102273,753015,,-1,330,10,765000000,830000,,,1,1,,800,800,800,800,0,200,500,0,0,0,0,0,0,,330,,,,,,
2022102274,753014,,-1,330,10,765000000,830000,,,1,1,,800,800,800,800,0,200,500,0,0,0,0,0,0,,330,,,,,,
2022102275,751015,,-1,330,10,765000000,830000,,,1,1,,800,800,800,800,0,200,500,0,0,0,0,0,0,,330,,,,,,
2022102276,751011,,-1,330,10,765000000,830000,,,1,1,,800,800,800,800,0,200,500,0,0,0,0,0,0,,330,,,,,,
2022102281,751019,,-1,330,10,810000000,835000,,,1,1,,800,800,800,800,0,200,500,0,0,0,0,0,0,,330,,,,,,
2022102282,753019,,-1,330,10,810000000,835000,,,1,1,,800,800,800,800,0,200,500,0,0,0,0,0,0,,330,,,,,,
2022102283,753014,,-1,330,10,810000000,835000,,,1,1,,800,800,800,800,0,200,500,0,0,0,0,0,0,,330,,,,,,
2022102284,752016,,-1,330,10,810000000,835000,,,1,1,,800,800,800,800,0,200,500,0,0,0,0,0,0,,330,,,,,,
2022102285,752019,,-1,330,10,810000000,835000,,,1,1,,800,800,800,800,0,200,500,0,0,0,0,0,0,,330,,,,,,
2022102286,753015,,-1,330,10,810000000,835000,,,1,1,,800,800,800,800,0,200,500,0,0,0,0,0,0,,330,,,,,,
2022102291,751013,,-1,330,10,855000000,840000,,,1,1,,800,800,800,800,0,200,500,0,0,0,0,0,0,,330,,,,,,
2022102292,753019,,-1,330,10,855000000,840000,,,1,1,,800,800,800,800,0,200,500,0,0,0,0,0,0,,330,,,,,,
2022102293,755005,,-1,330,10,855000000,840000,,,1,1,,800,800,800,800,0,200,500,0,0,0,0,0,0,,330,,,,,,
2022102294,752019,,-1,330,10,855000000,840000,,,1,1,,800,800,800,800,0,200,500,0,0,0,0,0,0,,330,,,,,,
2022102295,755005,,-1,330,10,855000000,840000,,,1,1,,800,800,800,800,0,200,500,0,0,0,0,0,0,,330,,,,,,
2022102296,754016,,-1,330,10,855000000,840000,,,1,1,,800,800,800,800,0,200,500,0,0,0,0,0,0,,330,,,,,,
2022102311,752015,,-1,330,10,675000000,850000,,,1,1,,800,800,800,800,0,200,500,0,0,0,0,0,0,,330,,,,,,
2022102312,756007,,-1,330,10,675000000,850000,,,1,1,,800,800,800,800,0,200,500,0,0,0,0,0,0,,330,,,,,,
2022102313,751011,,-1,330,10,675000000,850000,,,1,1,,800,800,800,800,0,200,500,0,0,0,0,0,0,,330,,,,,,
2022102314,754012,,-1,330,10,675000000,850000,,,1,1,,800,800,800,800,0,200,500,0,0,0,0,0,0,,330,,,,,,
2022102315,756006,,-1,330,10,675000000,850000,,,1,1,,800,800,800,800,0,200,500,0,0,0,0,0,0,,330,,,,,,
2022102316,755007,,-1,330,10,675000000,850000,,,1,1,,800,800,800,800,0,200,500,0,0,0,0,0,0,,330,,,,,,
2022102321,754015,,-1,330,10,742500000,855000,,,1,1,,800,800,800,800,0,200,500,0,0,0,0,0,0,,330,,,,,,
2022102322,753011,,-1,330,10,742500000,855000,,,1,1,,800,800,800,800,0,200,500,0,0,0,0,0,0,,330,,,,,,
2022102323,755005,,-1,330,10,742500000,855000,,,1,1,,800,800,800,800,0,200,500,0,0,0,0,0,0,,330,,,,,,
2022102324,754012,,-1,330,10,742500000,855000,,,1,1,,800,800,800,800,0,200,500,0,0,0,0,0,0,,330,,,,,,
2022102325,756006,,-1,330,10,742500000,855000,,,1,1,,800,800,800,800,0,200,500,0,0,0,0,0,0,,330,,,,,,
2022102326,751013,,-1,330,10,742500000,855000,,,1,1,,800,800,800,800,0,200,500,0,0,0,0,0,0,,330,,,,,,
2022102331,755006,,-1,330,10,810000000,860000,,,1,1,,800,800,800,800,0,200,500,0,0,0,0,0,0,,330,,,,,,
2022102332,753019,,-1,330,10,810000000,860000,,,1,1,,800,800,800,800,0,200,500,0,0,0,0,0,0,,330,,,,,,
2022102333,753018,,-1,330,10,810000000,860000,,,1,1,,800,800,800,800,0,200,500,0,0,0,0,0,0,,330,,,,,,
2022102334,751016,,-1,330,10,810000000,860000,,,1,1,,800,800,800,800,0,200,500,0,0,0,0,0,0,,330,,,,,,
2022102335,752019,,-1,330,10,810000000,860000,,,1,1,,800,800,800,800,0,200,500,0,0,0,0,0,0,,330,,,,,,
2022102336,751016,,-1,330,10,810000000,860000,,,1,1,,800,800,800,800,0,200,500,0,0,0,0,0,0,,330,,,,,,
2022102341,754015,,-1,330,10,877500000,865000,,,1,1,,800,800,800,800,0,200,500,0,0,0,0,0,0,,330,,,,,,
2022102342,754015,,-1,330,10,877500000,865000,,,1,1,,800,800,800,800,0,200,500,0,0,0,0,0,0,,330,,,,,,
2022102343,755005,,-1,330,10,877500000,865000,,,1,1,,800,800,800,800,0,200,500,0,0,0,0,0,0,,330,,,,,,
2022102344,751014,,-1,330,10,877500000,865000,,,1,1,,800,800,800,800,0,200,500,0,0,0,0,0,0,,330,,,,,,
2022102345,754016,,-1,330,10,877500000,865000,,,1,1,,800,800,800,800,0,200,500,0,0,0,0,0,0,,330,,,,,,
2022102346,751014,,-1,330,10,877500000,865000,,,1,1,,800,800,800,800,0,200,500,0,0,0,0,0,0,,330,,,,,,
2022102351,753019,,-1,330,10,1012500000,870000,,,1,1,,800,800,800,800,0,200,500,0,0,0,0,0,0,,330,,,,,,
2022102352,751013,,-1,330,10,1012500000,870000,,,1,1,,800,800,800,800,0,200,500,0,0,0,0,0,0,,330,,,,,,
2022102353,751013,,-1,330,10,1012500000,870000,,,1,1,,800,800,800,800,0,200,500,0,0,0,0,0,0,,330,,,,,,
2022102354,755007,,-1,330,10,1012500000,870000,,,1,1,,800,800,800,800,0,200,500,0,0,0,0,0,0,,330,,,,,,
2022102355,752016,,-1,330,10,1012500000,870000,,,1,1,,800,800,800,800,0,200,500,0,0,0,0,0,0,,330,,,,,,
2022102356,752018,,-1,330,10,1012500000,870000,,,1,1,,800,800,800,800,0,200,500,0,0,0,0,0,0,,330,,,,,,
2022102361,753011,,-1,330,10,1080000000,875000,,,1,1,,800,800,800,800,0,200,500,0,0,0,0,0,0,,330,,,,,,
2022102362,753019,,-1,330,10,1080000000,875000,,,1,1,,800,800,800,800,0,200,500,0,0,0,0,0,0,,330,,,,,,
2022102363,751015,,-1,330,10,1080000000,875000,,,1,1,,800,800,800,800,0,200,500,0,0,0,0,0,0,,330,,,,,,
2022102364,754017,,-1,330,10,1080000000,875000,,,1,1,,800,800,800,800,0,200,500,0,0,0,0,0,0,,330,,,,,,
2022102365,755007,,-1,330,10,1080000000,875000,,,1,1,,800,800,800,800,0,200,500,0,0,0,0,0,0,,330,,,,,,
2022102366,753018,,-1,330,10,1080000000,875000,,,1,1,,800,800,800,800,0,200,500,0,0,0,0,0,0,,330,,,,,,
2022102371,754015,,-1,330,10,1147500000,880000,,,1,1,,800,800,800,800,0,200,500,0,0,0,0,0,0,,330,,,,,,
2022102372,755008,,-1,330,10,1147500000,880000,,,1,1,,800,800,800,800,0,200,500,0,0,0,0,0,0,,330,,,,,,
2022102373,753014,,-1,330,10,1147500000,880000,,,1,1,,800,800,800,800,0,200,500,0,0,0,0,0,0,,330,,,,,,
2022102374,756006,,-1,330,10,1147500000,880000,,,1,1,,800,800,800,800,0,200,500,0,0,0,0,0,0,,330,,,,,,
2022102375,751013,,-1,330,10,1147500000,880000,,,1,1,,800,800,800,800,0,200,500,0,0,0,0,0,0,,330,,,,,,
2022102376,752019,,-1,330,10,1147500000,880000,,,1,1,,800,800,800,800,0,200,500,0,0,0,0,0,0,,330,,,,,,
2022102381,755008,,-1,330,10,1215000000,885000,,,1,1,,800,800,800,800,0,200,500,0,0,0,0,0,0,,330,,,,,,
2022102382,751019,,-1,330,10,1215000000,885000,,,1,1,,800,800,800,800,0,200,500,0,0,0,0,0,0,,330,,,,,,
2022102383,752016,,-1,330,10,1215000000,885000,,,1,1,,800,800,800,800,0,200,500,0,0,0,0,0,0,,330,,,,,,
2022102384,754016,,-1,330,10,1215000000,885000,,,1,1,,800,800,800,800,0,200,500,0,0,0,0,0,0,,330,,,,,,
2022102385,751011,,-1,330,10,1215000000,885000,,,1,1,,800,800,800,800,0,200,500,0,0,0,0,0,0,,330,,,,,,
2022102386,751016,,-1,330,10,1215000000,885000,,,1,1,,800,800,800,800,0,200,500,0,0,0,0,0,0,,330,,,,,,
2022102391,754015,,-1,330,10,1282500000,890000,,,1,1,,800,800,800,800,0,200,500,0,0,0,0,0,0,,330,,,,,,
2022102392,752019,,-1,330,10,1282500000,890000,,,1,1,,800,800,800,800,0,200,500,0,0,0,0,0,0,,330,,,,,,
2022102393,754012,,-1,330,10,1282500000,890000,,,1,1,,800,800,800,800,0,200,500,0,0,0,0,0,0,,330,,,,,,
2022102394,751014,,-1,330,10,1282500000,890000,,,1,1,,800,800,800,800,0,200,500,0,0,0,0,0,0,,330,,,,,,
2022102395,754016,,-1,330,10,1282500000,890000,,,1,1,,800,800,800,800,0,200,500,0,0,0,0,0,0,,330,,,,,,
2022102396,753015,,-1,330,10,1282500000,890000,,,1,1,,800,800,800,800,0,200,500,0,0,0,0,0,0,,330,,,,,,
2022102411,751019,,-1,330,10,1012500000,900000,,,1,1,,800,800,800,800,0,200,500,0,0,0,0,0,0,,330,,,,,,
2022102412,751019,,-1,330,10,1012500000,900000,,,1,1,,800,800,800,800,0,200,500,0,0,0,0,0,0,,330,,,,,,
2022102413,751013,,-1,330,10,1012500000,900000,,,1,1,,800,800,800,800,0,200,500,0,0,0,0,0,0,,330,,,,,,
2022102414,754017,,-1,330,10,1012500000,900000,,,1,1,,800,800,800,800,0,200,500,0,0,0,0,0,0,,330,,,,,,
2022102415,754017,,-1,330,10,1012500000,900000,,,1,1,,800,800,800,800,0,200,500,0,0,0,0,0,0,,330,,,,,,
2022102416,755009,,-1,330,10,1012500000,900000,,,1,1,,800,800,800,800,0,200,500,0,0,0,0,0,0,,330,,,,,,
2022102421,751019,,-1,330,10,1113750000,905000,,,1,1,,800,800,800,800,0,200,500,0,0,0,0,0,0,,330,,,,,,
2022102422,754015,,-1,330,10,1113750000,905000,,,1,1,,800,800,800,800,0,200,500,0,0,0,0,0,0,,330,,,,,,
2022102423,751013,,-1,330,10,1113750000,905000,,,1,1,,800,800,800,800,0,200,500,0,0,0,0,0,0,,330,,,,,,
2022102424,751016,,-1,330,10,1113750000,905000,,,1,1,,800,800,800,800,0,200,500,0,0,0,0,0,0,,330,,,,,,
2022102425,756008,,-1,330,10,1113750000,905000,,,1,1,,800,800,800,800,0,200,500,0,0,0,0,0,0,,330,,,,,,
2022102426,756008,,-1,330,10,1113750000,905000,,,1,1,,800,800,800,800,0,200,500,0,0,0,0,0,0,,330,,,,,,
2022102431,754015,,-1,330,10,1215000000,910000,,,1,1,,800,800,800,800,0,200,500,0,0,0,0,0,0,,330,,,,,,
2022102432,754016,,-1,330,10,1215000000,910000,,,1,1,,800,800,800,800,0,200,500,0,0,0,0,0,0,,330,,,,,,
2022102433,751016,,-1,330,10,1215000000,910000,,,1,1,,800,800,800,800,0,200,500,0,0,0,0,0,0,,330,,,,,,
2022102434,755009,,-1,330,10,1215000000,910000,,,1,1,,800,800,800,800,0,200,500,0,0,0,0,0,0,,330,,,,,,
2022102435,752016,,-1,330,10,1215000000,910000,,,1,1,,800,800,800,800,0,200,500,0,0,0,0,0,0,,330,,,,,,
2022102436,754012,,-1,330,10,1215000000,910000,,,1,1,,800,800,800,800,0,200,500,0,0,0,0,0,0,,330,,,,,,
2022102441,753019,,-1,330,10,1316250000,915000,,,1,1,,800,800,800,800,0,200,500,0,0,0,0,0,0,,330,,,,,,
2022102442,753019,,-1,330,10,1316250000,915000,,,1,1,,800,800,800,800,0,200,500,0,0,0,0,0,0,,330,,,,,,
2022102443,753015,,-1,330,10,1316250000,915000,,,1,1,,800,800,800,800,0,200,500,0,0,0,0,0,0,,330,,,,,,
2022102444,755009,,-1,330,10,1316250000,915000,,,1,1,,800,800,800,800,0,200,500,0,0,0,0,0,0,,330,,,,,,
2022102445,754017,,-1,330,10,1316250000,915000,,,1,1,,800,800,800,800,0,200,500,0,0,0,0,0,0,,330,,,,,,
2022102446,755007,,-1,330,10,1316250000,915000,,,1,1,,800,800,800,800,0,200,500,0,0,0,0,0,0,,330,,,,,,
2022102451,753017,,-1,330,10,1518750000,920000,,,1,1,,800,800,800,800,0,200,500,0,0,0,0,0,0,,330,,,,,,
2022102452,753017,,-1,330,10,1518750000,920000,,,1,1,,800,800,800,800,0,200,500,0,0,0,0,0,0,,330,,,,,,
2022102453,755007,,-1,330,10,1518750000,920000,,,1,1,,800,800,800,800,0,200,500,0,0,0,0,0,0,,330,,,,,,
2022102454,753018,,-1,330,10,1518750000,920000,,,1,1,,800,800,800,800,0,200,500,0,0,0,0,0,0,,330,,,,,,
2022102455,752018,,-1,330,10,1518750000,920000,,,1,1,,800,800,800,800,0,200,500,0,0,0,0,0,0,,330,,,,,,
2022102456,752018,,-1,330,10,1518750000,920000,,,1,1,,800,800,800,800,0,200,500,0,0,0,0,0,0,,330,,,,,,
2022102461,753017,,-1,330,10,1620000000,925000,,,1,1,,800,800,800,800,0,200,500,0,0,0,0,0,0,,330,,,,,,
2022102462,755007,,-1,330,10,1620000000,925000,,,1,1,,800,800,800,800,0,200,500,0,0,0,0,0,0,,330,,,,,,
2022102463,754017,,-1,330,10,1620000000,925000,,,1,1,,800,800,800,800,0,200,500,0,0,0,0,0,0,,330,,,,,,
2022102464,756009,,-1,330,10,1620000000,925000,,,1,1,,800,800,800,800,0,200,500,0,0,0,0,0,0,,330,,,,,,
2022102465,752018,,-1,330,10,1620000000,925000,,,1,1,,800,800,800,800,0,200,500,0,0,0,0,0,0,,330,,,,,,
2022102466,754017,,-1,330,10,1620000000,925000,,,1,1,,800,800,800,800,0,200,500,0,0,0,0,0,0,,330,,,,,,
2022102471,755006,,-1,330,10,1721250000,930000,,,1,1,,800,800,800,800,0,200,500,0,0,0,0,0,0,,330,,,,,,
2022102472,755006,,-1,330,10,1721250000,930000,,,1,1,,800,800,800,800,0,200,500,0,0,0,0,0,0,,330,,,,,,
2022102473,755007,,-1,330,10,1721250000,930000,,,1,1,,800,800,800,800,0,200,500,0,0,0,0,0,0,,330,,,,,,
2022102474,753014,,-1,330,10,1721250000,930000,,,1,1,,800,800,800,800,0,200,500,0,0,0,0,0,0,,330,,,,,,
2022102475,751016,,-1,330,10,1721250000,930000,,,1,1,,800,800,800,800,0,200,500,0,0,0,0,0,0,,330,,,,,,
2022102476,756010,,-1,330,10,1721250000,930000,,,1,1,,800,800,800,800,0,200,500,0,0,0,0,0,0,,330,,,,,,
2022102481,754015,,-1,330,10,1822500000,935000,,,1,1,,800,800,800,800,0,200,500,0,0,0,0,0,0,,330,,,,,,
2022102482,754015,,-1,330,10,1822500000,935000,,,1,1,,800,800,800,800,0,200,500,0,0,0,0,0,0,,330,,,,,,
2022102483,755008,,-1,330,10,1822500000,935000,,,1,1,,800,800,800,800,0,200,500,0,0,0,0,0,0,,330,,,,,,
2022102484,755008,,-1,330,10,1822500000,935000,,,1,1,,800,800,800,800,0,200,500,0,0,0,0,0,0,,330,,,,,,
2022102485,755008,,-1,330,10,1822500000,935000,,,1,1,,800,800,800,800,0,200,500,0,0,0,0,0,0,,330,,,,,,
2022102486,755008,,-1,330,10,1822500000,935000,,,1,1,,800,800,800,800,0,200,500,0,0,0,0,0,0,,330,,,,,,
2022102491,755011,,-1,330,10,1923750000,940000,,,1,1,,800,800,800,800,0,200,500,0,0,0,0,0,0,,330,,,,,,
2022102492,755008,,-1,330,10,1923750000,940000,,,1,1,,800,800,800,800,0,200,500,0,0,0,0,0,0,,330,,,,,,
2022102493,755007,,-1,330,10,1923750000,940000,,,1,1,,800,800,800,800,0,200,500,0,0,0,0,0,0,,330,,,,,,
2022102494,751016,,-1,330,10,1923750000,940000,,,1,1,,800,800,800,800,0,200,500,0,0,0,0,0,0,,330,,,,,,
2022102495,751016,,-1,330,10,1923750000,940000,,,1,1,,800,800,800,800,0,200,500,0,0,0,0,0,0,,330,,,,,,
2022102496,755007,,-1,330,10,1923750000,940000,,,1,1,,800,800,800,800,0,200,500,0,0,0,0,0,0,,330,,,,,,
2022103011,751012,,-1,330,10,100000000,350000,,,1,1,,800,800,800,800,0,200,500,0,0,0,0,0,0,,330,,,,,,
2022103012,756005,,-1,330,10,100000000,350000,,,1,1,,800,800,800,800,0,200,500,0,0,0,0,0,0,,330,,,,,,
2022103013,752014,,-1,330,10,100000000,350000,,,1,1,,800,800,800,800,0,200,500,0,0,0,0,0,0,,330,,,,,,
2022103014,751014,,-1,330,10,100000000,350000,,,1,1,,800,800,800,800,0,200,500,0,0,0,0,0,0,,330,,,,,,
2022103015,754011,,-1,330,10,100000000,350000,,,1,1,,800,800,800,800,0,200,500,0,0,0,0,0,0,,330,,,,,,
2022103016,755004,,-1,330,10,100000000,350000,,,1,1,,800,800,800,800,0,200,500,0,0,0,0,0,0,,330,,,,,,
2022103021,753012,,-1,330,10,110000000,352500,,,1,1,,800,800,800,800,0,200,500,0,0,0,0,0,0,,330,,,,,,
2022103022,753011,,-1,330,10,110000000,352500,,,1,1,,800,800,800,800,0,200,500,0,0,0,0,0,0,,330,,,,,,
2022103023,751011,,-1,330,10,110000000,352500,,,1,1,,800,800,800,800,0,200,500,0,0,0,0,0,0,,330,,,,,,
2022103024,754014,,-1,330,10,110000000,352500,,,1,1,,800,800,800,800,0,200,500,0,0,0,0,0,0,,330,,,,,,
2022103025,756005,,-1,330,10,110000000,352500,,,1,1,,800,800,800,800,0,200,500,0,0,0,0,0,0,,330,,,,,,
2022103026,752011,,-1,330,10,110000000,352500,,,1,1,,800,800,800,800,0,200,500,0,0,0,0,0,0,,330,,,,,,
2022103031,755006,,-1,330,10,120000000,360000,,,1,1,,800,800,800,800,0,200,500,0,0,0,0,0,0,,330,,,,,,
2022103032,756005,,-1,330,10,120000000,360000,,,1,1,,800,800,800,800,0,200,500,0,0,0,0,0,0,,330,,,,,,
2022103033,756003,,-1,330,10,120000000,360000,,,1,1,,800,800,800,800,0,200,500,0,0,0,0,0,0,,330,,,,,,
2022103034,752012,,-1,330,10,120000000,360000,,,1,1,,800,800,800,800,0,200,500,0,0,0,0,0,0,,330,,,,,,
2022103035,751015,,-1,330,10,120000000,360000,,,1,1,,800,800,800,800,0,200,500,0,0,0,0,0,0,,330,,,,,,
2022103036,754014,,-1,330,10,120000000,360000,,,1,1,,800,800,800,800,0,200,500,0,0,0,0,0,0,,330,,,,,,
2022103041,754013,,-1,330,10,130000000,370000,,,1,1,,800,800,800,800,0,200,500,0,0,0,0,0,0,,330,,,,,,
2022103042,751019,,-1,330,10,130000000,370000,,,1,1,,800,800,800,800,0,200,500,0,0,0,0,0,0,,330,,,,,,
2022103043,751011,,-1,330,10,130000000,370000,,,1,1,,800,800,800,800,0,200,500,0,0,0,0,0,0,,330,,,,,,
2022103044,756003,,-1,330,10,130000000,370000,,,1,1,,800,800,800,800,0,200,500,0,0,0,0,0,0,,330,,,,,,
2022103045,756005,,-1,330,10,130000000,370000,,,1,1,,800,800,800,800,0,200,500,0,0,0,0,0,0,,330,,,,,,
2022103046,752011,,-1,330,10,130000000,370000,,,1,1,,800,800,800,800,0,200,500,0,0,0,0,0,0,,330,,,,,,
2022103051,755006,,-1,330,10,150000000,380000,,,1,1,,800,800,800,800,0,200,500,0,0,0,0,0,0,,330,,,,,,
2022103052,753012,,-1,330,10,150000000,380000,,,1,1,,800,800,800,800,0,200,500,0,0,0,0,0,0,,330,,,,,,
2022103053,752014,,-1,330,10,150000000,380000,,,1,1,,800,800,800,800,0,200,500,0,0,0,0,0,0,,330,,,,,,
2022103054,752014,,-1,330,10,150000000,380000,,,1,1,,800,800,800,800,0,200,500,0,0,0,0,0,0,,330,,,,,,
2022103055,756004,,-1,330,10,150000000,380000,,,1,1,,800,800,800,800,0,200,500,0,0,0,0,0,0,,330,,,,,,
2022103056,752016,,-1,330,10,150000000,380000,,,1,1,,800,800,800,800,0,200,500,0,0,0,0,0,0,,330,,,,,,
2022103061,752015,,-1,330,10,320000000,725000,,,1,1,,800,800,800,800,0,200,500,0,0,0,0,0,0,,330,,,,,,
2022103062,753012,,-1,330,10,320000000,725000,,,1,1,,800,800,800,800,0,200,500,0,0,0,0,0,0,,330,,,,,,
2022103063,755004,,-1,330,10,320000000,725000,,,1,1,,800,800,800,800,0,200,500,0,0,0,0,0,0,,330,,,,,,
2022103064,751014,,-1,330,10,320000000,725000,,,1,1,,800,800,800,800,0,200,500,0,0,0,0,0,0,,330,,,,,,
2022103065,753013,,-1,330,10,320000000,725000,,,1,1,,800,800,800,800,0,200,500,0,0,0,0,0,0,,330,,,,,,
2022103066,753013,,-1,330,10,320000000,725000,,,1,1,,800,800,800,800,0,200,500,0,0,0,0,0,0,,330,,,,,,
2022103071,754014,,-1,330,10,340000000,730000,,,1,1,,800,800,800,800,0,200,500,0,0,0,0,0,0,,330,,,,,,
2022103072,752019,,-1,330,10,340000000,730000,,,1,1,,800,800,800,800,0,200,500,0,0,0,0,0,0,,330,,,,,,
2022103073,755003,,-1,330,10,340000000,730000,,,1,1,,800,800,800,800,0,200,500,0,0,0,0,0,0,,330,,,,,,
2022103074,752013,,-1,330,10,340000000,730000,,,1,1,,800,800,800,800,0,200,500,0,0,0,0,0,0,,330,,,,,,
2022103075,752011,,-1,330,10,340000000,730000,,,1,1,,800,800,800,800,0,200,500,0,0,0,0,0,0,,330,,,,,,
2022103076,751011,,-1,330,10,340000000,730000,,,1,1,,800,800,800,800,0,200,500,0,0,0,0,0,0,,330,,,,,,
2022103081,751012,,-1,330,10,360000000,735000,,,1,1,,800,800,800,800,0,200,500,0,0,0,0,0,0,,330,,,,,,
2022103082,754014,,-1,330,10,360000000,735000,,,1,1,,800,800,800,800,0,200,500,0,0,0,0,0,0,,330,,,,,,
2022103083,756005,,-1,330,10,360000000,735000,,,1,1,,800,800,800,800,0,200,500,0,0,0,0,0,0,,330,,,,,,
2022103084,754014,,-1,330,10,360000000,735000,,,1,1,,800,800,800,800,0,200,500,0,0,0,0,0,0,,330,,,,,,
2022103085,751014,,-1,330,10,360000000,735000,,,1,1,,800,800,800,800,0,200,500,0,0,0,0,0,0,,330,,,,,,
2022103086,752014,,-1,330,10,360000000,735000,,,1,1,,800,800,800,800,0,200,500,0,0,0,0,0,0,,330,,,,,,
2022103091,755011,,-1,330,10,380000000,740000,,,1,1,,800,800,800,800,0,200,500,0,0,0,0,0,0,,330,,,,,,
2022103092,753012,,-1,330,10,380000000,740000,,,1,1,,800,800,800,800,0,200,500,0,0,0,0,0,0,,330,,,,,,
2022103093,752019,,-1,330,10,380000000,740000,,,1,1,,800,800,800,800,0,200,500,0,0,0,0,0,0,,330,,,,,,
2022103094,751015,,-1,330,10,380000000,740000,,,1,1,,800,800,800,800,0,200,500,0,0,0,0,0,0,,330,,,,,,
2022103095,754011,,-1,330,10,380000000,740000,,,1,1,,800,800,800,800,0,200,500,0,0,0,0,0,0,,330,,,,,,
2022103096,754014,,-1,330,10,380000000,740000,,,1,1,,800,800,800,800,0,200,500,0,0,0,0,0,0,,330,,,,,,
2022103111,753012,,-1,330,10,300000000,750000,,,1,1,,800,800,800,800,0,200,500,0,0,0,0,0,0,,330,,,,,,
2022103112,755011,,-1,330,10,300000000,750000,,,1,1,,800,800,800,800,0,200,500,0,0,0,0,0,0,,330,,,,,,
2022103113,751014,,-1,330,10,300000000,750000,,,1,1,,800,800,800,800,0,200,500,0,0,0,0,0,0,,330,,,,,,
2022103114,756006,,-1,330,10,300000000,750000,,,1,1,,800,800,800,800,0,200,500,0,0,0,0,0,0,,330,,,,,,
2022103115,753014,,-1,330,10,300000000,750000,,,1,1,,800,800,800,800,0,200,500,0,0,0,0,0,0,,330,,,,,,
2022103116,752016,,-1,330,10,300000000,750000,,,1,1,,800,800,800,800,0,200,500,0,0,0,0,0,0,,330,,,,,,
2022103121,754014,,-1,330,10,330000000,755000,,,1,1,,800,800,800,800,0,200,500,0,0,0,0,0,0,,330,,,,,,
2022103122,754014,,-1,330,10,330000000,755000,,,1,1,,800,800,800,800,0,200,500,0,0,0,0,0,0,,330,,,,,,
2022103123,752019,,-1,330,10,330000000,755000,,,1,1,,800,800,800,800,0,200,500,0,0,0,0,0,0,,330,,,,,,
2022103124,751014,,-1,330,10,330000000,755000,,,1,1,,800,800,800,800,0,200,500,0,0,0,0,0,0,,330,,,,,,
2022103125,753018,,-1,330,10,330000000,755000,,,1,1,,800,800,800,800,0,200,500,0,0,0,0,0,0,,330,,,,,,
2022103126,755005,,-1,330,10,330000000,755000,,,1,1,,800,800,800,800,0,200,500,0,0,0,0,0,0,,330,,,,,,
2022103131,756005,,-1,330,10,360000000,760000,,,1,1,,800,800,800,800,0,200,500,0,0,0,0,0,0,,330,,,,,,
2022103132,753012,,-1,330,10,360000000,760000,,,1,1,,800,800,800,800,0,200,500,0,0,0,0,0,0,,330,,,,,,
2022103133,753015,,-1,330,10,360000000,760000,,,1,1,,800,800,800,800,0,200,500,0,0,0,0,0,0,,330,,,,,,
2022103134,752019,,-1,330,10,360000000,760000,,,1,1,,800,800,800,800,0,200,500,0,0,0,0,0,0,,330,,,,,,
2022103135,753015,,-1,330,10,360000000,760000,,,1,1,,800,800,800,800,0,200,500,0,0,0,0,0,0,,330,,,,,,
2022103136,752016,,-1,330,10,360000000,760000,,,1,1,,800,800,800,800,0,200,500,0,0,0,0,0,0,,330,,,,,,
2022103141,754013,,-1,330,10,390000000,765000,,,1,1,,800,800,800,800,0,200,500,0,0,0,0,0,0,,330,,,,,,
2022103142,751013,,-1,330,10,390000000,765000,,,1,1,,800,800,800,800,0,200,500,0,0,0,0,0,0,,330,,,,,,
2022103143,751015,,-1,330,10,390000000,765000,,,1,1,,800,800,800,800,0,200,500,0,0,0,0,0,0,,330,,,,,,
2022103144,752016,,-1,330,10,390000000,765000,,,1,1,,800,800,800,800,0,200,500,0,0,0,0,0,0,,330,,,,,,
2022103145,753014,,-1,330,10,390000000,765000,,,1,1,,800,800,800,800,0,200,500,0,0,0,0,0,0,,330,,,,,,
2022103146,752013,,-1,330,10,390000000,765000,,,1,1,,800,800,800,800,0,200,500,0,0,0,0,0,0,,330,,,,,,
2022103151,753011,,-1,330,10,450000000,770000,,,1,1,,800,800,800,800,0,200,500,0,0,0,0,0,0,,330,,,,,,
2022103152,751012,,-1,330,10,450000000,770000,,,1,1,,800,800,800,800,0,200,500,0,0,0,0,0,0,,330,,,,,,
2022103153,754018,,-1,330,10,450000000,770000,,,1,1,,800,800,800,800,0,200,500,0,0,0,0,0,0,,330,,,,,,
2022103154,754014,,-1,330,10,450000000,770000,,,1,1,,800,800,800,800,0,200,500,0,0,0,0,0,0,,330,,,,,,
2022103155,752013,,-1,330,10,450000000,770000,,,1,1,,800,800,800,800,0,200,500,0,0,0,0,0,0,,330,,,,,,
2022103156,754016,,-1,330,10,450000000,770000,,,1,1,,800,800,800,800,0,200,500,0,0,0,0,0,0,,330,,,,,,
2022103161,751013,,-1,330,10,480000000,775000,,,1,1,,800,800,800,800,0,200,500,0,0,0,0,0,0,,330,,,,,,
2022103162,753012,,-1,330,10,480000000,775000,,,1,1,,800,800,800,800,0,200,500,0,0,0,0,0,0,,330,,,,,,
2022103163,753015,,-1,330,10,480000000,775000,,,1,1,,800,800,800,800,0,200,500,0,0,0,0,0,0,,330,,,,,,
2022103164,751013,,-1,330,10,480000000,775000,,,1,1,,800,800,800,800,0,200,500,0,0,0,0,0,0,,330,,,,,,
2022103165,752012,,-1,330,10,480000000,775000,,,1,1,,800,800,800,800,0,200,500,0,0,0,0,0,0,,330,,,,,,
2022103166,752019,,-1,330,10,480000000,775000,,,1,1,,800,800,800,800,0,200,500,0,0,0,0,0,0,,330,,,,,,
2022103171,754013,,-1,330,10,510000000,780000,,,1,1,,800,800,800,800,0,200,500,0,0,0,0,0,0,,330,,,,,,
2022103172,755006,,-1,330,10,510000000,780000,,,1,1,,800,800,800,800,0,200,500,0,0,0,0,0,0,,330,,,,,,
2022103173,752016,,-1,330,10,510000000,780000,,,1,1,,800,800,800,800,0,200,500,0,0,0,0,0,0,,330,,,,,,
2022103174,755005,,-1,330,10,510000000,780000,,,1,1,,800,800,800,800,0,200,500,0,0,0,0,0,0,,330,,,,,,
2022103175,754014,,-1,330,10,510000000,780000,,,1,1,,800,800,800,800,0,200,500,0,0,0,0,0,0,,330,,,,,,
2022103176,751015,,-1,330,10,510000000,780000,,,1,1,,800,800,800,800,0,200,500,0,0,0,0,0,0,,330,,,,,,
2022103181,756007,,-1,330,10,540000000,785000,,,1,1,,800,800,800,800,0,200,500,0,0,0,0,0,0,,330,,,,,,
2022103182,751013,,-1,330,10,540000000,785000,,,1,1,,800,800,800,800,0,200,500,0,0,0,0,0,0,,330,,,,,,
2022103183,751015,,-1,330,10,540000000,785000,,,1,1,,800,800,800,800,0,200,500,0,0,0,0,0,0,,330,,,,,,
2022103184,753014,,-1,330,10,540000000,785000,,,1,1,,800,800,800,800,0,200,500,0,0,0,0,0,0,,330,,,,,,
2022103185,755004,,-1,330,10,540000000,785000,,,1,1,,800,800,800,800,0,200,500,0,0,0,0,0,0,,330,,,,,,
2022103186,752012,,-1,330,10,540000000,785000,,,1,1,,800,800,800,800,0,200,500,0,0,0,0,0,0,,330,,,,,,
2022103191,756007,,-1,330,10,570000000,790000,,,1,1,,800,800,800,800,0,200,500,0,0,0,0,0,0,,330,,,,,,
2022103192,754013,,-1,330,10,570000000,790000,,,1,1,,800,800,800,800,0,200,500,0,0,0,0,0,0,,330,,,,,,
2022103193,755005,,-1,330,10,570000000,790000,,,1,1,,800,800,800,800,0,200,500,0,0,0,0,0,0,,330,,,,,,
2022103194,754018,,-1,330,10,570000000,790000,,,1,1,,800,800,800,800,0,200,500,0,0,0,0,0,0,,330,,,,,,
2022103195,752019,,-1,330,10,570000000,790000,,,1,1,,800,800,800,800,0,200,500,0,0,0,0,0,0,,330,,,,,,
2022103196,756005,,-1,330,10,570000000,790000,,,1,1,,800,800,800,800,0,200,500,0,0,0,0,0,0,,330,,,,,,
2022103211,751012,,-1,330,10,450000000,800000,,,1,1,,800,800,800,800,0,200,500,0,0,0,0,0,0,,330,,,,,,
2022103212,751012,,-1,330,10,450000000,800000,,,1,1,,800,800,800,800,0,200,500,0,0,0,0,0,0,,330,,,,,,
2022103213,756006,,-1,330,10,450000000,800000,,,1,1,,800,800,800,800,0,200,500,0,0,0,0,0,0,,330,,,,,,
2022103214,754018,,-1,330,10,450000000,800000,,,1,1,,800,800,800,800,0,200,500,0,0,0,0,0,0,,330,,,,,,
2022103215,751014,,-1,330,10,450000000,800000,,,1,1,,800,800,800,800,0,200,500,0,0,0,0,0,0,,330,,,,,,
2022103216,752016,,-1,330,10,450000000,800000,,,1,1,,800,800,800,800,0,200,500,0,0,0,0,0,0,,330,,,,,,
2022103221,751019,,-1,330,10,495000000,805000,,,1,1,,800,800,800,800,0,200,500,0,0,0,0,0,0,,330,,,,,,
2022103222,756007,,-1,330,10,495000000,805000,,,1,1,,800,800,800,800,0,200,500,0,0,0,0,0,0,,330,,,,,,
2022103223,753018,,-1,330,10,495000000,805000,,,1,1,,800,800,800,800,0,200,500,0,0,0,0,0,0,,330,,,,,,
2022103224,752019,,-1,330,10,495000000,805000,,,1,1,,800,800,800,800,0,200,500,0,0,0,0,0,0,,330,,,,,,
2022103225,752016,,-1,330,10,495000000,805000,,,1,1,,800,800,800,800,0,200,500,0,0,0,0,0,0,,330,,,,,,
2022103226,753015,,-1,330,10,495000000,805000,,,1,1,,800,800,800,800,0,200,500,0,0,0,0,0,0,,330,,,,,,
2022103231,756007,,-1,330,10,540000000,810000,,,1,1,,800,800,800,800,0,200,500,0,0,0,0,0,0,,330,,,,,,
2022103232,751013,,-1,330,10,540000000,810000,,,1,1,,800,800,800,800,0,200,500,0,0,0,0,0,0,,330,,,,,,
2022103233,756006,,-1,330,10,540000000,810000,,,1,1,,800,800,800,800,0,200,500,0,0,0,0,0,0,,330,,,,,,
2022103234,751013,,-1,330,10,540000000,810000,,,1,1,,800,800,800,800,0,200,500,0,0,0,0,0,0,,330,,,,,,
2022103235,752019,,-1,330,10,540000000,810000,,,1,1,,800,800,800,800,0,200,500,0,0,0,0,0,0,,330,,,,,,
2022103236,753018,,-1,330,10,540000000,810000,,,1,1,,800,800,800,800,0,200,500,0,0,0,0,0,0,,330,,,,,,
2022103241,752019,,-1,330,10,585000000,815000,,,1,1,,800,800,800,800,0,200,500,0,0,0,0,0,0,,330,,,,,,
2022103242,753011,,-1,330,10,585000000,815000,,,1,1,,800,800,800,800,0,200,500,0,0,0,0,0,0,,330,,,,,,
2022103243,753018,,-1,330,10,585000000,815000,,,1,1,,800,800,800,800,0,200,500,0,0,0,0,0,0,,330,,,,,,
2022103244,753018,,-1,330,10,585000000,815000,,,1,1,,800,800,800,800,0,200,500,0,0,0,0,0,0,,330,,,,,,
2022103245,754018,,-1,330,10,585000000,815000,,,1,1,,800,800,800,800,0,200,500,0,0,0,0,0,0,,330,,,,,,
2022103246,751014,,-1,330,10,585000000,815000,,,1,1,,800,800,800,800,0,200,500,0,0,0,0,0,0,,330,,,,,,
2022103251,752019,,-1,330,10,675000000,820000,,,1,1,,800,800,800,800,0,200,500,0,0,0,0,0,0,,330,,,,,,
2022103252,751012,,-1,330,10,675000000,820000,,,1,1,,800,800,800,800,0,200,500,0,0,0,0,0,0,,330,,,,,,
2022103253,753014,,-1,330,10,675000000,820000,,,1,1,,800,800,800,800,0,200,500,0,0,0,0,0,0,,330,,,,,,
2022103254,752016,,-1,330,10,675000000,820000,,,1,1,,800,800,800,800,0,200,500,0,0,0,0,0,0,,330,,,,,,
2022103255,755005,,-1,330,10,675000000,820000,,,1,1,,800,800,800,800,0,200,500,0,0,0,0,0,0,,330,,,,,,
2022103256,753015,,-1,330,10,675000000,820000,,,1,1,,800,800,800,800,0,200,500,0,0,0,0,0,0,,330,,,,,,
2022103261,755006,,-1,330,10,720000000,825000,,,1,1,,800,800,800,800,0,200,500,0,0,0,0,0,0,,330,,,,,,
2022103262,751012,,-1,330,10,720000000,825000,,,1,1,,800,800,800,800,0,200,500,0,0,0,0,0,0,,330,,,,,,
2022103263,756006,,-1,330,10,720000000,825000,,,1,1,,800,800,800,800,0,200,500,0,0,0,0,0,0,,330,,,,,,
2022103264,751011,,-1,330,10,720000000,825000,,,1,1,,800,800,800,800,0,200,500,0,0,0,0,0,0,,330,,,,,,
2022103265,751014,,-1,330,10,720000000,825000,,,1,1,,800,800,800,800,0,200,500,0,0,0,0,0,0,,330,,,,,,
2022103266,754018,,-1,330,10,720000000,825000,,,1,1,,800,800,800,800,0,200,500,0,0,0,0,0,0,,330,,,,,,
2022103271,752019,,-1,330,10,765000000,830000,,,1,1,,800,800,800,800,0,200,500,0,0,0,0,0,0,,330,,,,,,
2022103272,755006,,-1,330,10,765000000,830000,,,1,1,,800,800,800,800,0,200,500,0,0,0,0,0,0,,330,,,,,,
2022103273,751014,,-1,330,10,765000000,830000,,,1,1,,800,800,800,800,0,200,500,0,0,0,0,0,0,,330,,,,,,
2022103274,751015,,-1,330,10,765000000,830000,,,1,1,,800,800,800,800,0,200,500,0,0,0,0,0,0,,330,,,,,,
2022103275,754016,,-1,330,10,765000000,830000,,,1,1,,800,800,800,800,0,200,500,0,0,0,0,0,0,,330,,,,,,
2022103276,753018,,-1,330,10,765000000,830000,,,1,1,,800,800,800,800,0,200,500,0,0,0,0,0,0,,330,,,,,,
2022103281,753017,,-1,330,10,810000000,835000,,,1,1,,800,800,800,800,0,200,500,0,0,0,0,0,0,,330,,,,,,
2022103282,752015,,-1,330,10,810000000,835000,,,1,1,,800,800,800,800,0,200,500,0,0,0,0,0,0,,330,,,,,,
2022103283,753014,,-1,330,10,810000000,835000,,,1,1,,800,800,800,800,0,200,500,0,0,0,0,0,0,,330,,,,,,
2022103284,751013,,-1,330,10,810000000,835000,,,1,1,,800,800,800,800,0,200,500,0,0,0,0,0,0,,330,,,,,,
2022103285,755005,,-1,330,10,810000000,835000,,,1,1,,800,800,800,800,0,200,500,0,0,0,0,0,0,,330,,,,,,
2022103286,755005,,-1,330,10,810000000,835000,,,1,1,,800,800,800,800,0,200,500,0,0,0,0,0,0,,330,,,,,,
2022103291,753011,,-1,330,10,855000000,840000,,,1,1,,800,800,800,800,0,200,500,0,0,0,0,0,0,,330,,,,,,
2022103292,752015,,-1,330,10,855000000,840000,,,1,1,,800,800,800,800,0,200,500,0,0,0,0,0,0,,330,,,,,,
2022103293,751015,,-1,330,10,855000000,840000,,,1,1,,800,800,800,800,0,200,500,0,0,0,0,0,0,,330,,,,,,
2022103294,751015,,-1,330,10,855000000,840000,,,1,1,,800,800,800,800,0,200,500,0,0,0,0,0,0,,330,,,,,,
2022103295,755005,,-1,330,10,855000000,840000,,,1,1,,800,800,800,800,0,200,500,0,0,0,0,0,0,,330,,,,,,
2022103296,752019,,-1,330,10,855000000,840000,,,1,1,,800,800,800,800,0,200,500,0,0,0,0,0,0,,330,,,,,,
2022103311,751019,,-1,330,10,675000000,850000,,,1,1,,800,800,800,800,0,200,500,0,0,0,0,0,0,,330,,,,,,
2022103312,755007,,-1,330,10,675000000,850000,,,1,1,,800,800,800,800,0,200,500,0,0,0,0,0,0,,330,,,,,,
2022103313,751016,,-1,330,10,675000000,850000,,,1,1,,800,800,800,800,0,200,500,0,0,0,0,0,0,,330,,,,,,
2022103314,755005,,-1,330,10,675000000,850000,,,1,1,,800,800,800,800,0,200,500,0,0,0,0,0,0,,330,,,,,,
2022103315,752016,,-1,330,10,675000000,850000,,,1,1,,800,800,800,800,0,200,500,0,0,0,0,0,0,,330,,,,,,
2022103316,752019,,-1,330,10,675000000,850000,,,1,1,,800,800,800,800,0,200,500,0,0,0,0,0,0,,330,,,,,,
2022103321,755007,,-1,330,10,742500000,855000,,,1,1,,800,800,800,800,0,200,500,0,0,0,0,0,0,,330,,,,,,
2022103322,753011,,-1,330,10,742500000,855000,,,1,1,,800,800,800,800,0,200,500,0,0,0,0,0,0,,330,,,,,,
2022103323,751014,,-1,330,10,742500000,855000,,,1,1,,800,800,800,800,0,200,500,0,0,0,0,0,0,,330,,,,,,
2022103324,751016,,-1,330,10,742500000,855000,,,1,1,,800,800,800,800,0,200,500,0,0,0,0,0,0,,330,,,,,,
2022103325,752016,,-1,330,10,742500000,855000,,,1,1,,800,800,800,800,0,200,500,0,0,0,0,0,0,,330,,,,,,
2022103326,751015,,-1,330,10,742500000,855000,,,1,1,,800,800,800,800,0,200,500,0,0,0,0,0,0,,330,,,,,,
2022103331,755007,,-1,330,10,810000000,860000,,,1,1,,800,800,800,800,0,200,500,0,0,0,0,0,0,,330,,,,,,
2022103332,751012,,-1,330,10,810000000,860000,,,1,1,,800,800,800,800,0,200,500,0,0,0,0,0,0,,330,,,,,,
2022103333,751014,,-1,330,10,810000000,860000,,,1,1,,800,800,800,800,0,200,500,0,0,0,0,0,0,,330,,,,,,
2022103334,752018,,-1,330,10,810000000,860000,,,1,1,,800,800,800,800,0,200,500,0,0,0,0,0,0,,330,,,,,,
2022103335,754018,,-1,330,10,810000000,860000,,,1,1,,800,800,800,800,0,200,500,0,0,0,0,0,0,,330,,,,,,
2022103336,753014,,-1,330,10,810000000,860000,,,1,1,,800,800,800,800,0,200,500,0,0,0,0,0,0,,330,,,,,,
2022103341,751012,,-1,330,10,877500000,865000,,,1,1,,800,800,800,800,0,200,500,0,0,0,0,0,0,,330,,,,,,
2022103342,754015,,-1,330,10,877500000,865000,,,1,1,,800,800,800,800,0,200,500,0,0,0,0,0,0,,330,,,,,,
2022103343,751013,,-1,330,10,877500000,865000,,,1,1,,800,800,800,800,0,200,500,0,0,0,0,0,0,,330,,,,,,
2022103344,753014,,-1,330,10,877500000,865000,,,1,1,,800,800,800,800,0,200,500,0,0,0,0,0,0,,330,,,,,,
2022103345,751015,,-1,330,10,877500000,865000,,,1,1,,800,800,800,800,0,200,500,0,0,0,0,0,0,,330,,,,,,
2022103346,756008,,-1,330,10,877500000,865000,,,1,1,,800,800,800,800,0,200,500,0,0,0,0,0,0,,330,,,,,,
2022103351,755007,,-1,330,10,1012500000,870000,,,1,1,,800,800,800,800,0,200,500,0,0,0,0,0,0,,330,,,,,,
2022103352,753011,,-1,330,10,1012500000,870000,,,1,1,,800,800,800,800,0,200,500,0,0,0,0,0,0,,330,,,,,,
2022103353,751013,,-1,330,10,1012500000,870000,,,1,1,,800,800,800,800,0,200,500,0,0,0,0,0,0,,330,,,,,,
2022103354,753014,,-1,330,10,1012500000,870000,,,1,1,,800,800,800,800,0,200,500,0,0,0,0,0,0,,330,,,,,,
2022103355,754016,,-1,330,10,1012500000,870000,,,1,1,,800,800,800,800,0,200,500,0,0,0,0,0,0,,330,,,,,,
2022103356,755009,,-1,330,10,1012500000,870000,,,1,1,,800,800,800,800,0,200,500,0,0,0,0,0,0,,330,,,,,,
2022103361,755006,,-1,330,10,1080000000,875000,,,1,1,,800,800,800,800,0,200,500,0,0,0,0,0,0,,330,,,,,,
2022103362,754015,,-1,330,10,1080000000,875000,,,1,1,,800,800,800,800,0,200,500,0,0,0,0,0,0,,330,,,,,,
2022103363,755009,,-1,330,10,1080000000,875000,,,1,1,,800,800,800,800,0,200,500,0,0,0,0,0,0,,330,,,,,,
2022103364,752016,,-1,330,10,1080000000,875000,,,1,1,,800,800,800,800,0,200,500,0,0,0,0,0,0,,330,,,,,,
2022103365,753015,,-1,330,10,1080000000,875000,,,1,1,,800,800,800,800,0,200,500,0,0,0,0,0,0,,330,,,,,,
2022103366,751011,,-1,330,10,1080000000,875000,,,1,1,,800,800,800,800,0,200,500,0,0,0,0,0,0,,330,,,,,,
2022103371,755008,,-1,330,10,1147500000,880000,,,1,1,,800,800,800,800,0,200,500,0,0,0,0,0,0,,330,,,,,,
2022103372,752019,,-1,330,10,1147500000,880000,,,1,1,,800,800,800,800,0,200,500,0,0,0,0,0,0,,330,,,,,,
2022103373,755009,,-1,330,10,1147500000,880000,,,1,1,,800,800,800,800,0,200,500,0,0,0,0,0,0,,330,,,,,,
2022103374,754018,,-1,330,10,1147500000,880000,,,1,1,,800,800,800,800,0,200,500,0,0,0,0,0,0,,330,,,,,,
2022103375,753014,,-1,330,10,1147500000,880000,,,1,1,,800,800,800,800,0,200,500,0,0,0,0,0,0,,330,,,,,,
2022103376,755005,,-1,330,10,1147500000,880000,,,1,1,,800,800,800,800,0,200,500,0,0,0,0,0,0,,330,,,,,,
2022103381,752015,,-1,330,10,1215000000,885000,,,1,1,,800,800,800,800,0,200,500,0,0,0,0,0,0,,330,,,,,,
2022103382,756007,,-1,330,10,1215000000,885000,,,1,1,,800,800,800,800,0,200,500,0,0,0,0,0,0,,330,,,,,,
2022103383,755005,,-1,330,10,1215000000,885000,,,1,1,,800,800,800,800,0,200,500,0,0,0,0,0,0,,330,,,,,,
2022103384,755007,,-1,330,10,1215000000,885000,,,1,1,,800,800,800,800,0,200,500,0,0,0,0,0,0,,330,,,,,,
2022103385,756006,,-1,330,10,1215000000,885000,,,1,1,,800,800,800,800,0,200,500,0,0,0,0,0,0,,330,,,,,,
2022103386,755009,,-1,330,10,1215000000,885000,,,1,1,,800,800,800,800,0,200,500,0,0,0,0,0,0,,330,,,,,,
2022103391,753019,,-1,330,10,1282500000,890000,,,1,1,,800,800,800,800,0,200,500,0,0,0,0,0,0,,330,,,,,,
2022103392,755006,,-1,330,10,1282500000,890000,,,1,1,,800,800,800,800,0,200,500,0,0,0,0,0,0,,330,,,,,,
2022103393,751013,,-1,330,10,1282500000,890000,,,1,1,,800,800,800,800,0,200,500,0,0,0,0,0,0,,330,,,,,,
2022103394,754017,,-1,330,10,1282500000,890000,,,1,1,,800,800,800,800,0,200,500,0,0,0,0,0,0,,330,,,,,,
2022103395,755007,,-1,330,10,1282500000,890000,,,1,1,,800,800,800,800,0,200,500,0,0,0,0,0,0,,330,,,,,,
2022103396,754018,,-1,330,10,1282500000,890000,,,1,1,,800,800,800,800,0,200,500,0,0,0,0,0,0,,330,,,,,,
2022103411,751019,,-1,330,10,1012500000,900000,,,1,1,,800,800,800,800,0,200,500,0,0,0,0,0,0,,330,,,,,,
2022103412,751019,,-1,330,10,1012500000,900000,,,1,1,,800,800,800,800,0,200,500,0,0,0,0,0,0,,330,,,,,,
2022103413,752018,,-1,330,10,1012500000,900000,,,1,1,,800,800,800,800,0,200,500,0,0,0,0,0,0,,330,,,,,,
2022103414,752019,,-1,330,10,1012500000,900000,,,1,1,,800,800,800,800,0,200,500,0,0,0,0,0,0,,330,,,,,,
2022103415,755007,,-1,330,10,1012500000,900000,,,1,1,,800,800,800,800,0,200,500,0,0,0,0,0,0,,330,,,,,,
2022103416,754017,,-1,330,10,1012500000,900000,,,1,1,,800,800,800,800,0,200,500,0,0,0,0,0,0,,330,,,,,,
2022103421,756007,,-1,330,10,1113750000,905000,,,1,1,,800,800,800,800,0,200,500,0,0,0,0,0,0,,330,,,,,,
2022103422,751019,,-1,330,10,1113750000,905000,,,1,1,,800,800,800,800,0,200,500,0,0,0,0,0,0,,330,,,,,,
2022103423,752018,,-1,330,10,1113750000,905000,,,1,1,,800,800,800,800,0,200,500,0,0,0,0,0,0,,330,,,,,,
2022103424,756008,,-1,330,10,1113750000,905000,,,1,1,,800,800,800,800,0,200,500,0,0,0,0,0,0,,330,,,,,,
2022103425,752018,,-1,330,10,1113750000,905000,,,1,1,,800,800,800,800,0,200,500,0,0,0,0,0,0,,330,,,,,,
2022103426,751016,,-1,330,10,1113750000,905000,,,1,1,,800,800,800,800,0,200,500,0,0,0,0,0,0,,330,,,,,,
2022103431,754015,,-1,330,10,1215000000,910000,,,1,1,,800,800,800,800,0,200,500,0,0,0,0,0,0,,330,,,,,,
2022103432,755007,,-1,330,10,1215000000,910000,,,1,1,,800,800,800,800,0,200,500,0,0,0,0,0,0,,330,,,,,,
2022103433,756008,,-1,330,10,1215000000,910000,,,1,1,,800,800,800,800,0,200,500,0,0,0,0,0,0,,330,,,,,,
2022103434,755007,,-1,330,10,1215000000,910000,,,1,1,,800,800,800,800,0,200,500,0,0,0,0,0,0,,330,,,,,,
2022103435,751014,,-1,330,10,1215000000,910000,,,1,1,,800,800,800,800,0,200,500,0,0,0,0,0,0,,330,,,,,,
2022103436,752016,,-1,330,10,1215000000,910000,,,1,1,,800,800,800,800,0,200,500,0,0,0,0,0,0,,330,,,,,,
2022103441,754015,,-1,330,10,1316250000,915000,,,1,1,,800,800,800,800,0,200,500,0,0,0,0,0,0,,330,,,,,,
2022103442,755008,,-1,330,10,1316250000,915000,,,1,1,,800,800,800,800,0,200,500,0,0,0,0,0,0,,330,,,,,,
2022103443,751016,,-1,330,10,1316250000,915000,,,1,1,,800,800,800,800,0,200,500,0,0,0,0,0,0,,330,,,,,,
2022103444,754017,,-1,330,10,1316250000,915000,,,1,1,,800,800,800,800,0,200,500,0,0,0,0,0,0,,330,,,,,,
2022103445,755005,,-1,330,10,1316250000,915000,,,1,1,,800,800,800,800,0,200,500,0,0,0,0,0,0,,330,,,,,,
2022103446,751015,,-1,330,10,1316250000,915000,,,1,1,,800,800,800,800,0,200,500,0,0,0,0,0,0,,330,,,,,,
2022103451,753019,,-1,330,10,1518750000,920000,,,1,1,,800,800,800,800,0,200,500,0,0,0,0,0,0,,330,,,,,,
2022103452,753019,,-1,330,10,1518750000,920000,,,1,1,,800,800,800,800,0,200,500,0,0,0,0,0,0,,330,,,,,,
2022103453,754015,,-1,330,10,1518750000,920000,,,1,1,,800,800,800,800,0,200,500,0,0,0,0,0,0,,330,,,,,,
2022103454,754015,,-1,330,10,1518750000,920000,,,1,1,,800,800,800,800,0,200,500,0,0,0,0,0,0,,330,,,,,,
2022103455,755007,,-1,330,10,1518750000,920000,,,1,1,,800,800,800,800,0,200,500,0,0,0,0,0,0,,330,,,,,,
2022103456,756006,,-1,330,10,1518750000,920000,,,1,1,,800,800,800,800,0,200,500,0,0,0,0,0,0,,330,,,,,,
2022103461,752020,,-1,330,10,1620000000,925000,,,1,1,,800,800,800,800,0,200,500,0,0,0,0,0,0,,330,,,,,,
2022103462,752020,,-1,330,10,1620000000,925000,,,1,1,,800,800,800,800,0,200,500,0,0,0,0,0,0,,330,,,,,,
2022103463,752016,,-1,330,10,1620000000,925000,,,1,1,,800,800,800,800,0,200,500,0,0,0,0,0,0,,330,,,,,,
2022103464,754012,,-1,330,10,1620000000,925000,,,1,1,,800,800,800,800,0,200,500,0,0,0,0,0,0,,330,,,,,,
2022103465,756006,,-1,330,10,1620000000,925000,,,1,1,,800,800,800,800,0,200,500,0,0,0,0,0,0,,330,,,,,,
2022103466,751016,,-1,330,10,1620000000,925000,,,1,1,,800,800,800,800,0,200,500,0,0,0,0,0,0,,330,,,,,,
2022103471,751019,,-1,330,10,1721250000,930000,,,1,1,,800,800,800,800,0,200,500,0,0,0,0,0,0,,330,,,,,,
2022103472,751019,,-1,330,10,1721250000,930000,,,1,1,,800,800,800,800,0,200,500,0,0,0,0,0,0,,330,,,,,,
2022103473,751016,,-1,330,10,1721250000,930000,,,1,1,,800,800,800,800,0,200,500,0,0,0,0,0,0,,330,,,,,,
2022103474,755009,,-1,330,10,1721250000,930000,,,1,1,,800,800,800,800,0,200,500,0,0,0,0,0,0,,330,,,,,,
2022103475,752018,,-1,330,10,1721250000,930000,,,1,1,,800,800,800,800,0,200,500,0,0,0,0,0,0,,330,,,,,,
2022103476,752018,,-1,330,10,1721250000,930000,,,1,1,,800,800,800,800,0,200,500,0,0,0,0,0,0,,330,,,,,,
2022103481,754015,,-1,330,10,1822500000,935000,,,1,1,,800,800,800,800,0,200,500,0,0,0,0,0,0,,330,,,,,,
2022103482,754016,,-1,330,10,1822500000,935000,,,1,1,,800,800,800,800,0,200,500,0,0,0,0,0,0,,330,,,,,,
2022103483,751013,,-1,330,10,1822500000,935000,,,1,1,,800,800,800,800,0,200,500,0,0,0,0,0,0,,330,,,,,,
2022103484,751013,,-1,330,10,1822500000,935000,,,1,1,,800,800,800,800,0,200,500,0,0,0,0,0,0,,330,,,,,,
2022103485,756008,,-1,330,10,1822500000,935000,,,1,1,,800,800,800,800,0,200,500,0,0,0,0,0,0,,330,,,,,,
2022103486,752016,,-1,330,10,1822500000,935000,,,1,1,,800,800,800,800,0,200,500,0,0,0,0,0,0,,330,,,,,,
2022103491,751017,,-1,330,10,1923750000,940000,,,1,1,,800,800,800,800,0,200,500,0,0,0,0,0,0,,330,,,,,,
2022103492,751017,,-1,330,10,1923750000,940000,,,1,1,,800,800,800,800,0,200,500,0,0,0,0,0,0,,330,,,,,,
2022103493,754016,,-1,330,10,1923750000,940000,,,1,1,,800,800,800,800,0,200,500,0,0,0,0,0,0,,330,,,,,,
2022103494,755008,,-1,330,10,1923750000,940000,,,1,1,,800,800,800,800,0,200,500,0,0,0,0,0,0,,330,,,,,,
2022103495,755005,,-1,330,10,1923750000,940000,,,1,1,,800,800,800,800,0,200,500,0,0,0,0,0,0,,330,,,,,,
2022103496,755008,,-1,330,10,1923750000,940000,,,1,1,,800,800,800,800,0,200,500,0,0,0,0,0,0,,330,,,,,,
